{
  "height": 24,
  "width": 45,
  "x": 424.3374938964844,
  "y": 834.8000183105469
}