{
  "height": 38,
  "width": 137,
  "x": 400.4125061035156,
  "y": 1091.1999816894531
}