{
  "height": 24,
  "width": 35,
  "x": 424.3374938964844,
  "y": 646.7999877929688
}