{
  "height": 36,
  "width": 341,
  "x": 134.6999969482422,
  "y": 1123.0281524658203
}