{
  "height": 24,
  "width": 57,
  "x": 509.3999938964844,
  "y": 834.8000183105469
}