{
  "height": 24,
  "width": 50,
  "x": 499.0874938964844,
  "y": 646.7999877929688
}