{
  "height": 38,
  "width": 137,
  "x": 400.3374938964844,
  "y": 1091.2000274658203
}