{
  "height": 36,
  "width": 341,
  "x": 134.6999969482422,
  "y": 862.9286468029022
}