{
  "height": 24,
  "width": 57,
  "x": 509.4750061035156,
  "y": 834.8000183105469
}