{
  "height": 24,
  "width": 41,
  "x": 606.7875366210938,
  "y": 834.8000183105469
}