{
  "height": 40,
  "width": 137,
  "x": 400.3374938964844,
  "y": 1141.1999816894531
}