{
  "height": 36,
  "width": 341,
  "x": 134.6999969482422,
  "y": 1126.9874391555786
}